index,country,guild,century,year,entry_barriers,human_capital,product_quality,markets,enforcement,religion,other,dummy_mexico,dummy17,dummy18,mexico_x_17,mexico_x_18
1,mexico,cotton-weavers,18,1757,1,1,1,1,1,0,0,1,0,1,0,1
2,mexico,cotton-weavers,18,1757,0,1,1,1,1,0,0,1,0,1,0,1
3,mexico,cotton-weavers,18,1757,0,1,1,1,1,0,0,1,0,1,0,1
4,mexico,cotton-weavers,18,1757,0,0,1,1,1,0,0,1,0,1,0,1
5,mexico,cotton-weavers,18,1757,0,0,1,0,1,0,0,1,0,1,0,1
6,mexico,cotton-weavers,18,1757,0,0,1,0,1,0,0,1,0,1,0,1
7,mexico,cotton-weavers,18,1757,0,0,1,0,1,0,0,1,0,1,0,1
8,mexico,cotton-weavers,18,1757,0,0,1,0,1,0,0,1,0,1,0,1
9,mexico,cotton-weavers,18,1757,0,0,1,0,1,0,0,1,0,1,0,1
10,mexico,cotton-weavers,18,1757,0,0,1,0,1,0,0,1,0,1,0,1
11,mexico,cotton-weavers,18,1757,0,0,1,0,1,0,0,1,0,1,0,1
12,mexico,cotton-weavers,18,1757,0,0,1,0,1,0,0,1,0,1,0,1
13,mexico,cotton-weavers,18,1757,0,0,1,0,1,0,0,1,0,1,0,1
14,mexico,cotton-weavers,18,1757,0,0,1,0,1,0,0,1,0,1,0,1
15,mexico,cotton-weavers,18,1757,0,0,1,0,1,0,0,1,0,1,0,1
16,mexico,cotton-weavers,18,1757,0,0,1,0,1,0,0,1,0,1,0,1
17,mexico,cotton-weavers,18,1757,0,0,1,0,1,0,0,1,0,1,0,1
18,mexico,cotton-weavers,18,1757,0,0,1,0,1,0,0,1,0,1,0,1
19,mexico,cotton-weavers,18,1757,0,0,1,0,1,0,0,1,0,1,0,1
20,mexico,cotton-weavers,18,1757,0,0,1,0,1,0,0,1,0,1,0,1
21,mexico,cotton-weavers,18,1757,0,0,1,0,1,0,0,1,0,1,0,1
22,mexico,cotton-weavers,18,1757,0,0,1,0,0,0,0,1,0,1,0,1
23,mexico,cotton-weavers,18,1757,0,0,1,0,0,0,0,1,0,1,0,1
24,mexico,cotton-weavers,18,1757,0,0,1,0,0,0,0,1,0,1,0,1
25,mexico,cotton-weavers,18,1757,0,0,1,0,0,0,0,1,0,1,0,1
26,mexico,cotton-weavers,18,1757,0,0,1,0,0,0,0,1,0,1,0,1
27,mexico,cotton-weavers,18,1757,0,0,0,0,0,0,0,1,0,1,0,1
28,mexico,cotton-weavers,18,1757,0,0,0,0,0,0,0,1,0,1,0,1
29,mexico,cotton-weavers,18,1757,0,0,0,0,0,0,0,1,0,1,0,1
30,mexico,cotton-weavers,18,1757,0,0,0,0,0,0,0,1,0,1,0,1
31,mexico,cotton-weavers,18,1757,0,0,0,0,0,0,0,1,0,1,0,1
32,mexico,cotton-weavers,18,1757,0,0,0,0,0,0,0,1,0,1,0,1
33,mexico,cotton-weavers,18,1757,0,0,0,0,0,0,0,1,0,1,0,1
34,mexico,cotton-weavers,18,1757,0,0,0,0,0,0,0,1,0,1,0,1
35,mexico,cotton-weavers,18,1757,0,0,0,0,0,0,0,1,0,1,0,1
36,mexico,cotton-weavers,18,1757,0,0,0,0,0,0,0,1,0,1,0,1
37,mexico,cotton-weavers,18,1757,0,0,0,0,0,0,0,1,0,1,0,1
38,mexico,cotton-weavers,18,1757,0,0,0,0,0,0,0,1,0,1,0,1
39,mexico,cotton-weavers,18,1757,0,0,0,0,0,0,0,1,0,1,0,1
40,mexico,cotton-weavers,18,1757,0,0,0,0,0,0,0,1,0,1,0,1
41,mexico,bakers,17,1620,0,0,0,1,1,0,0,1,1,0,1,0
42,mexico,bakers,17,1620,0,0,0,1,1,0,0,1,1,0,1,0
43,mexico,bakers,17,1620,0,0,0,1,1,0,0,1,1,0,1,0
44,mexico,bakers,17,1620,0,0,0,0,1,0,0,1,1,0,1,0
45,mexico,bakers,17,1620,0,0,0,0,0,0,0,1,1,0,1,0
46,mexico,cloth-makers,16,1592,0,0,1,0,1,0,0,1,0,0,0,0
47,mexico,cloth-makers,16,1592,0,0,1,0,1,0,0,1,0,0,0,0
48,mexico,cloth-makers,16,1592,0,0,1,0,1,0,0,1,0,0,0,0
49,mexico,cloth-makers,16,1592,0,0,0,0,1,0,0,1,0,0,0,0
50,mexico,cloth-makers,16,1592,0,0,0,0,1,0,0,1,0,0,0,0
51,mexico,cloth-finishers,17,1605,1,1,1,0,1,0,1,1,1,0,1,0
52,mexico,cloth-finishers,17,1605,0,1,1,0,1,0,0,1,1,0,1,0
53,mexico,cloth-finishers,17,1605,0,1,0,0,1,0,0,1,1,0,1,0
54,mexico,cloth-finishers,17,1605,0,1,0,0,1,0,0,1,1,0,1,0
55,mexico,cloth-finishers,17,1605,0,1,0,0,0,0,0,1,1,0,1,0
56,mexico,cloth-finishers,17,1605,0,0,0,0,0,0,0,1,1,0,1,0
57,mexico,cloth-finishers,17,1605,0,0,0,0,0,0,0,1,1,0,1,0
58,mexico,cloth-finishers,17,1605,0,0,0,0,0,0,0,1,1,0,1,0
59,mexico,cloth-finishers,17,1605,0,0,0,0,0,0,0,1,1,0,1,0
60,mexico,tallow,18,1706,0,1,1,1,1,1,1,1,0,1,0,1
61,mexico,tallow,18,1706,0,1,1,1,1,1,1,1,0,1,0,1
62,mexico,tallow,18,1706,0,1,0,0,0,0,0,1,0,1,0,1
63,mexico,tallow,18,1706,0,0,0,0,0,0,0,1,0,1,0,1
64,mexico,tallow,18,1706,0,0,0,0,0,0,0,1,0,1,0,1
65,mexico,tallow,18,1706,0,0,0,0,0,0,0,1,0,1,0,1
66,mexico,tallow,18,1706,0,0,0,0,0,0,0,1,0,1,0,1
67,mexico,tallow,18,1706,0,0,0,0,0,0,0,1,0,1,0,1
68,mexico,tallow,18,1706,0,0,0,0,0,0,0,1,0,1,0,1
69,mexico,tallow,18,1706,0,0,0,0,0,0,0,1,0,1,0,1
70,mexico,hatters,16,1579,0,1,1,0,1,0,0,1,0,0,0,0
71,mexico,hatters,16,1579,0,1,1,0,1,0,0,1,0,0,0,0
72,mexico,hatters,16,1579,0,0,0,0,1,0,0,1,0,0,0,0
73,mexico,hatters,16,1579,0,0,0,0,1,0,0,1,0,0,0,0
74,mexico,candle-makers,17,1618,0,0,1,1,1,0,0,1,1,0,1,0
75,mexico,candle-makers,17,1618,0,0,1,0,1,0,0,1,1,0,1,0
76,mexico,candle-makers,17,1618,0,0,1,0,0,0,0,1,1,0,1,0
77,mexico,candle-makers,17,1618,0,0,1,0,0,0,0,1,1,0,1,0
78,mexico,candle-makers,17,1618,0,0,1,0,0,0,0,1,1,0,1,0
79,mexico,candle-makers,17,1618,0,0,1,0,0,0,0,1,1,0,1,0
80,mexico,candle-makers,17,1618,0,0,0,0,0,0,0,1,1,0,1,0
81,mexico,candle-makers,17,1618,0,0,0,0,0,0,0,1,1,0,1,0
82,mexico,candle-makers,17,1618,0,0,0,0,0,0,0,1,1,0,1,0
83,mexico,cloth-weavers,17,1676,1,1,1,1,1,0,0,1,1,0,1,0
84,mexico,cloth-weavers,17,1676,0,0,1,0,1,0,0,1,1,0,1,0
85,mexico,cloth-weavers,17,1676,0,0,1,0,1,0,0,1,1,0,1,0
86,mexico,cloth-weavers,17,1676,0,0,1,0,1,0,0,1,1,0,1,0
87,mexico,cloth-weavers,17,1676,0,0,1,0,1,0,0,1,1,0,1,0
88,mexico,cloth-weavers,17,1676,0,0,1,0,0,0,0,1,1,0,1,0
89,mexico,cloth-weavers,17,1676,0,0,0,0,0,0,0,1,1,0,1,0
90,mexico,cloth-weavers,17,1676,0,0,0,0,0,0,0,1,1,0,1,0
91,mexico,cloth-weavers,17,1676,0,0,0,0,0,0,0,1,1,0,1,0
92,mexico,cloth-weavers,17,1676,0,0,0,0,0,0,0,1,1,0,1,0
93,mexico,cloth-weavers,17,1676,0,0,0,0,0,0,0,1,1,0,1,0
94,mexico,gold,16,1599,1,1,1,0,1,0,1,1,0,0,0,0
95,mexico,gold,16,1599,1,1,0,0,1,0,0,1,0,0,0,0
96,mexico,gold,16,1599,0,1,0,0,1,0,0,1,0,0,0,0
97,mexico,gold,16,1599,0,1,0,0,1,0,0,1,0,0,0,0
98,mexico,gold,16,1599,0,0,0,0,1,0,0,1,0,0,0,0
99,mexico,gold,16,1599,0,0,0,0,0,0,0,1,0,0,0,0
100,mexico,gold,16,1599,0,0,0,0,0,0,0,1,0,0,0,0
101,mexico,gold,16,1599,0,0,0,0,0,0,0,1,0,0,0,0
102,mexico,gold,16,1599,0,0,0,0,0,0,0,1,0,0,0,0
103,mexico,gold,16,1599,0,0,0,0,0,0,0,1,0,0,0,0
104,mexico,gold,16,1599,0,0,0,0,0,0,0,1,0,0,0,0
105,mexico,gold,16,1599,0,0,0,0,0,0,0,1,0,0,0,0
106,mexico,harness-makers,17,1609,0,1,1,0,1,0,1,1,1,0,1,0
107,mexico,harness-makers,17,1609,0,0,1,0,1,0,0,1,1,0,1,0
108,mexico,harness-makers,17,1609,0,0,1,0,1,0,0,1,1,0,1,0
109,mexico,harness-makers,17,1609,0,0,1,0,0,0,0,1,1,0,1,0
110,mexico,harness-makers,17,1609,0,0,1,0,0,0,0,1,1,0,1,0
111,mexico,harness-makers,17,1609,0,0,0,0,0,0,0,1,1,0,1,0
112,mexico,harness-makers,17,1609,0,0,0,0,0,0,0,1,1,0,1,0
113,mexico,harness-makers,17,1609,0,0,0,0,0,0,0,1,1,0,1,0
114,mexico,harness-makers,17,1609,0,0,0,0,0,0,0,1,1,0,1,0
115,mexico,sackcloth-weavers,18,1721,1,1,1,0,1,1,1,1,0,1,0,1
116,mexico,sackcloth-weavers,18,1721,1,1,1,0,1,1,1,1,0,1,0,1
117,mexico,sackcloth-weavers,18,1721,0,1,1,0,1,0,0,1,0,1,0,1
118,mexico,sackcloth-weavers,18,1721,0,1,1,0,1,0,0,1,0,1,0,1
119,mexico,sackcloth-weavers,18,1721,0,0,1,0,1,0,0,1,0,1,0,1
120,mexico,sackcloth-weavers,18,1721,0,0,1,0,1,0,0,1,0,1,0,1
121,mexico,sackcloth-weavers,18,1721,0,0,1,0,1,0,0,1,0,1,0,1
122,mexico,sackcloth-weavers,18,1721,0,0,1,0,1,0,0,1,0,1,0,1
123,mexico,sackcloth-weavers,18,1721,0,0,1,0,1,0,0,1,0,1,0,1
124,mexico,sackcloth-weavers,18,1721,0,0,1,0,1,0,0,1,0,1,0,1
125,mexico,sackcloth-weavers,18,1721,0,0,1,0,1,0,0,1,0,1,0,1
126,mexico,sackcloth-weavers,18,1721,0,0,1,0,1,0,0,1,0,1,0,1
127,mexico,sackcloth-weavers,18,1721,0,0,1,0,1,0,0,1,0,1,0,1
128,mexico,sackcloth-weavers,18,1721,0,0,1,0,1,0,0,1,0,1,0,1
129,mexico,sackcloth-weavers,18,1721,0,0,1,0,1,0,0,1,0,1,0,1
130,mexico,sackcloth-weavers,18,1721,0,0,1,0,1,0,0,1,0,1,0,1
131,mexico,sackcloth-weavers,18,1721,0,0,1,0,1,0,0,1,0,1,0,1
132,mexico,sackcloth-weavers,18,1721,0,0,1,0,1,0,0,1,0,1,0,1
133,mexico,sackcloth-weavers,18,1721,0,0,1,0,0,0,0,1,0,1,0,1
134,mexico,sackcloth-weavers,18,1721,0,0,1,0,0,0,0,1,0,1,0,1
135,mexico,sackcloth-weavers,18,1721,0,0,1,0,0,0,0,1,0,1,0,1
136,mexico,sackcloth-weavers,18,1721,0,0,1,0,0,0,0,1,0,1,0,1
137,mexico,sackcloth-weavers,18,1721,0,0,1,0,0,0,0,1,0,1,0,1
138,mexico,sackcloth-weavers,18,1721,0,0,1,0,0,0,0,1,0,1,0,1
139,mexico,sackcloth-weavers,18,1721,0,0,1,0,0,0,0,1,0,1,0,1
140,mexico,sackcloth-weavers,18,1721,0,0,1,0,0,0,0,1,0,1,0,1
141,mexico,sackcloth-weavers,18,1721,0,0,1,0,0,0,0,1,0,1,0,1
142,mexico,sackcloth-weavers,18,1721,0,0,1,0,0,0,0,1,0,1,0,1
143,mexico,sackcloth-weavers,18,1721,0,0,1,0,0,0,0,1,0,1,0,1
144,mexico,sackcloth-weavers,18,1721,0,0,1,0,0,0,0,1,0,1,0,1
145,mexico,sackcloth-weavers,18,1721,0,0,1,0,0,0,0,1,0,1,0,1
146,mexico,sackcloth-weavers,18,1721,0,0,1,0,0,0,0,1,0,1,0,1
147,mexico,sackcloth-weavers,18,1721,0,0,1,0,0,0,0,1,0,1,0,1
148,mexico,sackcloth-weavers,18,1721,0,0,1,0,0,0,0,1,0,1,0,1
149,mexico,sackcloth-weavers,18,1721,0,0,1,0,0,0,0,1,0,1,0,1
150,mexico,sackcloth-weavers,18,1721,0,0,1,0,0,0,0,1,0,1,0,1
151,mexico,sackcloth-weavers,18,1721,0,0,1,0,0,0,0,1,0,1,0,1
152,mexico,sackcloth-weavers,18,1721,0,0,1,0,0,0,0,1,0,1,0,1
153,mexico,sackcloth-weavers,18,1721,0,0,1,0,0,0,0,1,0,1,0,1
154,mexico,sackcloth-weavers,18,1721,0,0,1,0,0,0,0,1,0,1,0,1
155,mexico,sackcloth-weavers,18,1721,0,0,1,0,0,0,0,1,0,1,0,1
156,mexico,sackcloth-weavers,18,1721,0,0,1,0,0,0,0,1,0,1,0,1
157,mexico,sackcloth-weavers,18,1721,0,0,0,0,0,0,0,1,0,1,0,1
158,mexico,sackcloth-weavers,18,1721,0,0,0,0,0,0,0,1,0,1,0,1
159,mexico,sackcloth-weavers,18,1721,0,0,0,0,0,0,0,1,0,1,0,1
160,mexico,sackcloth-weavers,18,1721,0,0,0,0,0,0,0,1,0,1,0,1
161,mexico,sackcloth-weavers,18,1721,0,0,0,0,0,0,0,1,0,1,0,1
162,mexico,sackcloth-weavers,18,1721,0,0,0,0,0,0,0,1,0,1,0,1
163,mexico,sackcloth-weavers,18,1721,0,0,0,0,0,0,0,1,0,1,0,1
164,mexico,sackcloth-weavers,18,1721,0,0,0,0,0,0,0,1,0,1,0,1
165,mexico,sackcloth-weavers,18,1721,0,0,0,0,0,0,0,1,0,1,0,1
166,mexico,sackcloth-weavers,18,1721,0,0,0,0,0,0,0,1,0,1,0,1
167,mexico,sackcloth-weavers,18,1721,0,0,0,0,0,0,0,1,0,1,0,1
168,mexico,sackcloth-weavers,18,1721,0,0,0,0,0,0,0,1,0,1,0,1
169,mexico,sackcloth-weavers,18,1721,0,0,0,0,0,0,0,1,0,1,0,1
170,mexico,sackcloth-weavers,18,1721,0,0,0,0,0,0,0,1,0,1,0,1
171,mexico,sackcloth-weavers,18,1721,0,0,0,0,0,0,0,1,0,1,0,1
172,mexico,sackcloth-weavers,18,1721,0,0,0,0,0,0,0,1,0,1,0,1
173,mexico,sackcloth-weavers,18,1721,0,0,0,0,0,0,0,1,0,1,0,1
174,mexico,hatters,16,1592,0,1,1,0,1,1,0,1,0,0,0,0
175,mexico,hatters,16,1592,0,1,1,0,1,0,0,1,0,0,0,0
176,mexico,hatters,16,1592,0,0,0,0,1,0,0,1,0,0,0,0
177,mexico,hatters,16,1592,0,0,0,0,0,0,0,1,0,0,0,0
178,mexico,hatters,16,1592,0,0,0,0,0,0,0,1,0,0,0,0
179,mexico,bakers,17,1622,0,0,0,1,1,0,0,1,1,0,1,0
180,mexico,bakers,17,1622,0,0,0,0,1,0,0,1,1,0,1,0
181,mexico,bakers,17,1622,0,0,0,0,1,0,0,1,1,0,1,0
182,mexico,bakers,17,1622,0,0,0,0,1,0,0,1,1,0,1,0
183,mexico,bakers,17,1622,0,0,0,0,1,0,0,1,1,0,1,0
184,mexico,bakers,17,1622,0,0,0,0,1,0,0,1,1,0,1,0
185,mexico,bakers,17,1622,0,0,0,0,1,0,0,1,1,0,1,0
186,mexico,silk,16,1584,1,0,1,0,1,0,0,1,0,0,0,0
187,mexico,silk,16,1584,0,0,1,0,1,0,0,1,0,0,0,0
188,mexico,silk,16,1584,0,0,1,0,0,0,0,1,0,0,0,0
189,mexico,silk,16,1584,0,0,1,0,0,0,0,1,0,0,0,0
190,mexico,silk,16,1584,0,0,0,0,0,0,0,1,0,0,0,0
191,mexico,tailors,16,1600,0,1,0,1,1,1,0,1,0,0,0,0
192,mexico,tailors,16,1600,0,0,0,0,1,1,0,1,0,0,0,0
193,mexico,tailors,16,1600,0,0,0,0,1,1,0,1,0,0,0,0
194,mexico,tailors,16,1600,0,0,0,0,1,0,0,1,0,0,0,0
195,mexico,tailors,16,1600,0,0,0,0,1,0,0,1,0,0,0,0
196,mexico,tailors,16,1600,0,0,0,0,1,0,0,1,0,0,0,0
197,mexico,tailors,16,1600,0,0,0,0,0,0,0,1,0,0,0,0
198,mexico,tailors,16,1600,0,0,0,0,0,0,0,1,0,0,0,0
199,mexico,silver-smiths,18,1746,1,1,1,1,1,1,1,1,0,1,0,1
200,mexico,silver-smiths,18,1746,1,1,1,0,1,1,1,1,0,1,0,1
201,mexico,silver-smiths,18,1746,0,1,1,0,1,0,1,1,0,1,0,1
202,mexico,silver-smiths,18,1746,0,1,1,0,1,0,1,1,0,1,0,1
203,mexico,silver-smiths,18,1746,0,0,1,0,1,0,0,1,0,1,0,1
204,mexico,silver-smiths,18,1746,0,0,1,0,1,0,0,1,0,1,0,1
205,mexico,silver-smiths,18,1746,0,0,1,0,1,0,0,1,0,1,0,1
206,mexico,silver-smiths,18,1746,0,0,1,0,1,0,0,1,0,1,0,1
207,mexico,silver-smiths,18,1746,0,0,0,0,1,0,0,1,0,1,0,1
208,mexico,silver-smiths,18,1746,0,0,0,0,1,0,0,1,0,1,0,1
209,mexico,silver-smiths,18,1746,0,0,0,0,1,0,0,1,0,1,0,1
210,mexico,silver-smiths,18,1746,0,0,0,0,1,0,0,1,0,1,0,1
211,mexico,silver-smiths,18,1746,0,0,0,0,1,0,0,1,0,1,0,1
212,mexico,silver-smiths,18,1746,0,0,0,0,1,0,0,1,0,1,0,1
213,mexico,silver-smiths,18,1746,0,0,0,0,1,0,0,1,0,1,0,1
214,mexico,silver-smiths,18,1746,0,0,0,0,1,0,0,1,0,1,0,1
215,mexico,silver-smiths,18,1746,0,0,0,0,1,0,0,1,0,1,0,1
216,mexico,silver-smiths,18,1746,0,0,0,0,1,0,0,1,0,1,0,1
217,mexico,silver-smiths,18,1746,0,0,0,0,1,0,0,1,0,1,0,1
218,mexico,silver-smiths,18,1746,0,0,0,0,1,0,0,1,0,1,0,1
219,mexico,silver-smiths,18,1746,0,0,0,0,1,0,0,1,0,1,0,1
220,mexico,silver-smiths,18,1746,0,0,0,0,1,0,0,1,0,1,0,1
221,mexico,silver-smiths,18,1746,0,0,0,0,1,0,0,1,0,1,0,1
222,mexico,silver-smiths,18,1746,0,0,0,0,1,0,0,1,0,1,0,1
223,mexico,silver-smiths,18,1746,0,0,0,0,1,0,0,1,0,1,0,1
224,mexico,silver-smiths,18,1746,0,0,0,0,1,0,0,1,0,1,0,1
225,mexico,silver-smiths,18,1746,0,0,0,0,1,0,0,1,0,1,0,1
226,mexico,silver-smiths,18,1746,0,0,0,0,1,0,0,1,0,1,0,1
227,mexico,silver-smiths,18,1746,0,0,0,0,1,0,0,1,0,1,0,1
228,mexico,silver-smiths,18,1746,0,0,0,0,1,0,0,1,0,1,0,1
229,mexico,silver-smiths,18,1746,0,0,0,0,1,0,0,1,0,1,0,1
230,mexico,silver-smiths,18,1746,0,0,0,0,1,0,0,1,0,1,0,1
231,mexico,silver-smiths,18,1746,0,0,0,0,1,0,0,1,0,1,0,1
232,mexico,silver-smiths,18,1746,0,0,0,0,1,0,0,1,0,1,0,1
233,mexico,silver-smiths,18,1746,0,0,0,0,1,0,0,1,0,1,0,1
234,mexico,silver-smiths,18,1746,0,0,0,0,1,0,0,1,0,1,0,1
235,mexico,silver-smiths,18,1746,0,0,0,0,1,0,0,1,0,1,0,1
236,mexico,silver-smiths,18,1746,0,0,0,0,1,0,0,1,0,1,0,1
237,mexico,silver-smiths,18,1746,0,0,0,0,1,0,0,1,0,1,0,1
238,mexico,silver-smiths,18,1746,0,0,0,0,0,0,0,1,0,1,0,1
239,mexico,silver-smiths,18,1746,0,0,0,0,0,0,0,1,0,1,0,1
240,mexico,silver-smiths,18,1746,0,0,0,0,0,0,0,1,0,1,0,1
241,mexico,silver-smiths,18,1746,0,0,0,0,0,0,0,1,0,1,0,1
242,mexico,silver-smiths,18,1746,0,0,0,0,0,0,0,1,0,1,0,1
243,mexico,silver-smiths,18,1746,0,0,0,0,0,0,0,1,0,1,0,1
244,mexico,silver-smiths,18,1746,0,0,0,0,0,0,0,1,0,1,0,1
245,mexico,silver-smiths,18,1746,0,0,0,0,0,0,0,1,0,1,0,1
246,mexico,silver-smiths,18,1746,0,0,0,0,0,0,0,1,0,1,0,1
247,mexico,silver-smiths,18,1746,0,0,0,0,0,0,0,1,0,1,0,1
248,mexico,silver-smiths,18,1746,0,0,0,0,0,0,0,1,0,1,0,1
249,mexico,silver-smiths,18,1746,0,0,0,0,0,0,0,1,0,1,0,1
250,mexico,silver-smiths,18,1746,0,0,0,0,0,0,0,1,0,1,0,1
251,mexico,hatters,16,1561,1,1,1,1,1,0,0,1,0,0,0,0
252,mexico,hatters,16,1561,0,1,1,1,1,0,0,1,0,0,0,0
253,mexico,hatters,16,1561,0,0,1,0,1,0,0,1,0,0,0,0
254,mexico,hatters,16,1561,0,0,1,0,1,0,0,1,0,0,0,0
255,mexico,hatters,16,1561,0,0,1,0,1,0,0,1,0,0,0,0
256,mexico,hatters,16,1561,0,0,1,0,1,0,0,1,0,0,0,0
257,mexico,hatters,16,1561,0,0,1,0,1,0,0,1,0,0,0,0
258,mexico,hatters,16,1561,0,0,0,0,1,0,0,1,0,0,0,0
259,mexico,hatters,16,1561,0,0,0,0,1,0,0,1,0,0,0,0
260,mexico,hatters,16,1561,0,0,0,0,1,0,0,1,0,0,0,0
261,mexico,hatters,16,1561,0,0,0,0,1,0,0,1,0,0,0,0
262,mexico,hatters,16,1561,0,0,0,0,1,0,0,1,0,0,0,0
263,mexico,hatters,16,1561,0,0,0,0,1,0,0,1,0,0,0,0
264,mexico,hatters,16,1561,0,0,0,0,0,0,0,1,0,0,0,0
265,mexico,hatters,16,1561,0,0,0,0,0,0,0,1,0,0,0,0
266,mexico,hatters,16,1561,0,0,0,0,0,0,0,1,0,0,0,0
267,mexico,hatters,16,1561,0,0,0,0,0,0,0,1,0,0,0,0
268,mexico,gold-weavers,16,1596,0,1,1,0,1,1,0,1,0,0,0,0
269,mexico,gold-weavers,16,1596,0,1,1,0,1,0,0,1,0,0,0,0
270,mexico,gold-weavers,16,1596,0,1,1,0,1,0,0,1,0,0,0,0
271,mexico,gold-weavers,16,1596,0,1,1,0,1,0,0,1,0,0,0,0
272,mexico,gold-weavers,16,1596,0,1,1,0,1,0,0,1,0,0,0,0
273,mexico,gold-weavers,16,1596,0,1,1,0,1,0,0,1,0,0,0,0
274,mexico,gold-weavers,16,1596,0,0,1,0,1,0,0,1,0,0,0,0
275,mexico,gold-weavers,16,1596,0,0,0,0,1,0,0,1,0,0,0,0
276,mexico,gold-weavers,16,1596,0,0,0,0,1,0,0,1,0,0,0,0
277,mexico,gold-weavers,16,1596,0,0,0,0,1,0,0,1,0,0,0,0
278,mexico,gold-weavers,16,1596,0,0,0,0,0,0,0,1,0,0,0,0
279,mexico,gold-weavers,16,1596,0,0,0,0,0,0,0,1,0,0,0,0
280,mexico,gold-weavers,16,1596,0,0,0,0,0,0,0,1,0,0,0,0
281,mexico,gold-weavers,16,1596,0,0,0,0,0,0,0,1,0,0,0,0
282,mexico,gold-weavers,16,1596,0,0,0,0,0,0,0,1,0,0,0,0
283,mexico,gold-weavers,16,1596,0,0,0,0,0,0,0,1,0,0,0,0
284,mexico,gold-weavers,16,1596,0,0,0,0,0,0,0,1,0,0,0,0
285,mexico,gold-weavers,16,1596,0,0,0,0,0,0,0,1,0,0,0,0
286,mexico,candle-makers,16,1574,1,1,1,1,1,0,0,1,0,0,0,0
287,mexico,candle-makers,16,1574,0,1,1,1,1,0,0,1,0,0,0,0
288,mexico,candle-makers,16,1574,0,0,1,1,1,0,0,1,0,0,0,0
289,mexico,candle-makers,16,1574,0,0,1,0,1,0,0,1,0,0,0,0
290,mexico,candle-makers,16,1574,0,0,1,0,1,0,0,1,0,0,0,0
291,mexico,candle-makers,16,1574,0,0,1,0,1,0,0,1,0,0,0,0
292,mexico,candle-makers,16,1574,0,0,0,0,1,0,0,1,0,0,0,0
293,mexico,candle-makers,16,1574,0,0,0,0,1,0,0,1,0,0,0,0
294,mexico,candle-makers,16,1574,0,0,0,0,1,0,0,1,0,0,0,0
295,mexico,candle-makers,16,1574,0,0,0,0,1,0,0,1,0,0,0,0
296,mexico,candle-makers,16,1574,0,0,0,0,1,0,0,1,0,0,0,0
297,mexico,candle-makers,16,1574,0,0,0,0,1,0,0,1,0,0,0,0
298,mexico,candle-makers,16,1574,0,0,0,0,1,0,0,1,0,0,0,0
299,mexico,candle-makers,16,1574,0,0,0,0,1,0,0,1,0,0,0,0
300,mexico,candle-makers,16,1574,0,0,0,0,1,0,0,1,0,0,0,0
301,mexico,candle-makers,16,1574,0,0,0,0,0,0,0,1,0,0,0,0
302,mexico,candle-makers,16,1574,0,0,0,0,0,0,0,1,0,0,0,0
303,mexico,candle-makers,16,1574,0,0,0,0,0,0,0,1,0,0,0,0
304,mexico,turners,16,1597,0,1,1,0,1,0,1,1,0,0,0,0
305,mexico,turners,16,1597,0,1,1,0,1,0,1,1,0,0,0,0
306,mexico,turners,16,1597,0,1,1,0,1,0,1,1,0,0,0,0
307,mexico,turners,16,1597,0,0,1,0,1,0,1,1,0,0,0,0
308,mexico,turners,16,1597,0,0,1,0,1,0,1,1,0,0,0,0
309,mexico,turners,16,1597,0,0,1,0,1,0,1,1,0,0,0,0
310,mexico,turners,16,1597,0,0,1,0,1,0,1,1,0,0,0,0
311,mexico,turners,16,1597,0,0,0,0,0,0,0,1,0,0,0,0
312,mexico,turners,16,1597,0,0,0,0,0,0,0,1,0,0,0,0
313,mexico,turners,16,1597,0,0,0,0,0,0,0,1,0,0,0,0
314,mexico,turners,16,1597,0,0,0,0,0,0,0,1,0,0,0,0
315,mexico,turners,16,1597,0,0,0,0,0,0,0,1,0,0,0,0
316,mexico,turners,16,1597,0,0,0,0,0,0,0,1,0,0,0,0
317,mexico,turners,16,1597,0,0,0,0,0,0,0,1,0,0,0,0
318,mexico,turners,16,1597,0,0,0,0,0,0,0,1,0,0,0,0
319,mexico,turners,16,1597,0,0,0,0,0,0,0,1,0,0,0,0
320,mexico,turners,16,1597,0,0,0,0,0,0,0,1,0,0,0,0
321,mexico,turners,16,1597,0,0,0,0,0,0,0,1,0,0,0,0
322,mexico,turners,16,1597,0,0,0,0,0,0,0,1,0,0,0,0
323,mexico,turners,16,1597,0,0,0,0,0,0,0,1,0,0,0,0
324,mexico,bakers,18,1770,1,0,1,1,1,0,1,1,0,1,0,1
325,mexico,bakers,18,1770,0,0,1,1,1,0,1,1,0,1,0,1
326,mexico,bakers,18,1770,0,0,1,1,1,0,1,1,0,1,0,1
327,mexico,bakers,18,1770,0,0,1,1,1,0,1,1,0,1,0,1
328,mexico,bakers,18,1770,0,0,1,1,1,0,1,1,0,1,0,1
329,mexico,bakers,18,1770,0,0,1,1,1,0,1,1,0,1,0,1
330,mexico,bakers,18,1770,0,0,1,1,1,0,1,1,0,1,0,1
331,mexico,bakers,18,1770,0,0,0,1,1,0,1,1,0,1,0,1
332,mexico,bakers,18,1770,0,0,0,1,1,0,1,1,0,1,0,1
333,mexico,bakers,18,1770,0,0,0,1,1,0,1,1,0,1,0,1
334,mexico,bakers,18,1770,0,0,0,1,1,0,1,1,0,1,0,1
335,mexico,bakers,18,1770,0,0,0,1,1,0,1,1,0,1,0,1
336,mexico,bakers,18,1770,0,0,0,1,1,0,1,1,0,1,0,1
337,mexico,bakers,18,1770,0,0,0,0,1,0,1,1,0,1,0,1
338,mexico,bakers,18,1770,0,0,0,0,0,0,0,1,0,1,0,1
339,mexico,bakers,18,1770,0,0,0,0,0,0,0,1,0,1,0,1
340,mexico,bakers,18,1770,0,0,0,0,0,0,0,1,0,1,0,1
341,mexico,bakers,18,1770,0,0,0,0,0,0,0,1,0,1,0,1
342,mexico,bakers,18,1770,0,0,0,0,0,0,0,1,0,1,0,1
343,mexico,bakers,18,1770,0,0,0,0,0,0,0,1,0,1,0,1
344,mexico,bakers,18,1770,0,0,0,0,0,0,0,1,0,1,0,1
345,mexico,bakers,18,1770,0,0,0,0,0,0,0,1,0,1,0,1
346,mexico,bakers,18,1770,0,0,0,0,0,0,0,1,0,1,0,1
347,mexico,bakers,18,1770,0,0,0,0,0,0,0,1,0,1,0,1
348,mexico,bakers,18,1770,0,0,0,0,0,0,0,1,0,1,0,1
349,mexico,bakers,18,1770,0,0,0,0,0,0,0,1,0,1,0,1
350,mexico,bakers,18,1770,0,0,0,0,0,0,0,1,0,1,0,1
351,mexico,bakers,18,1770,0,0,0,0,0,0,0,1,0,1,0,1
352,mexico,bakers,18,1770,0,0,0,0,0,0,0,1,0,1,0,1
353,mexico,bakers,18,1770,0,0,0,0,0,0,0,1,0,1,0,1
354,mexico,bakers,18,1770,0,0,0,0,0,0,0,1,0,1,0,1
355,mexico,bakers,18,1770,0,0,0,0,0,0,0,1,0,1,0,1
356,mexico,bakers,18,1770,0,0,0,0,0,0,0,1,0,1,0,1
357,mexico,bakers,18,1770,0,0,0,0,0,0,0,1,0,1,0,1
358,mexico,bakers,18,1770,0,0,0,0,0,0,0,1,0,1,0,1
359,mexico,bakers,18,1770,0,0,0,0,0,0,0,1,0,1,0,1
360,mexico,bakers,18,1770,0,0,0,0,0,0,0,1,0,1,0,1
361,mexico,bakers,18,1770,0,0,0,0,0,0,0,1,0,1,0,1
362,mexico,bakers,18,1770,0,0,0,0,0,0,0,1,0,1,0,1
363,mexico,bakers,18,1770,0,0,0,0,0,0,0,1,0,1,0,1
364,mexico,bakers,18,1770,0,0,0,0,0,0,0,1,0,1,0,1
365,mexico,bakers,18,1770,0,0,0,0,0,0,0,1,0,1,0,1
366,peru,blacksmiths,17,1634,1,1,0,1,1,1,1,0,1,0,0,0
367,peru,blacksmiths,17,1634,0,1,0,0,1,0,0,0,1,0,0,0
368,peru,blacksmiths,17,1634,0,1,0,0,1,0,0,0,1,0,0,0
369,peru,blacksmiths,17,1634,0,0,0,0,1,0,0,0,1,0,0,0
370,peru,blacksmiths,17,1634,0,0,0,0,1,0,0,0,1,0,0,0
371,peru,blacksmiths,17,1634,0,0,0,0,0,0,0,0,1,0,0,0
372,peru,blacksmiths,17,1634,0,0,0,0,0,0,0,0,1,0,0,0
373,peru,blacksmiths,17,1634,0,0,0,0,0,0,0,0,1,0,0,0
374,peru,butchers,18,1785,0,0,1,1,1,0,0,0,0,1,0,0
375,peru,butchers,18,1785,0,0,1,0,1,0,0,0,0,1,0,0
376,peru,butchers,18,1785,0,0,1,0,1,0,0,0,0,1,0,0
377,peru,butchers,18,1785,0,0,1,0,1,0,0,0,0,1,0,0
378,peru,butchers,18,1785,0,0,1,0,1,0,0,0,0,1,0,0
379,peru,butchers,18,1785,0,0,1,0,1,0,0,0,0,1,0,0
380,peru,butchers,18,1785,0,0,0,0,0,0,0,0,0,1,0,0
381,peru,butchers,18,1785,0,0,0,0,0,0,0,0,0,1,0,0
382,peru,butchers,18,1785,0,0,0,0,0,0,0,0,0,1,0,0
383,peru,butchers,18,1785,0,0,0,0,0,0,0,0,0,1,0,0
384,peru,butchers,18,1785,0,0,0,0,0,0,0,0,0,1,0,0
385,peru,button-makers,18,1801,1,1,0,0,1,0,1,0,0,1,0,0
386,peru,button-makers,18,1801,0,1,0,0,1,0,1,0,0,1,0,0
387,peru,button-makers,18,1801,0,0,0,0,0,0,0,0,0,1,0,0
388,peru,button-makers,18,1801,0,0,0,0,0,0,0,0,0,1,0,0
389,peru,button-makers,18,1801,0,0,0,0,0,0,0,0,0,1,0,0
390,peru,button-makers,18,1801,0,0,0,0,0,0,0,0,0,1,0,0
391,peru,button-makers,18,1801,0,0,0,0,0,0,0,0,0,1,0,0
392,peru,hatters,17,1632,0,0,1,1,1,0,1,0,1,0,0,0
393,peru,hatters,17,1632,0,0,1,0,1,0,0,0,1,0,0,0
394,peru,hatters,17,1632,0,0,1,0,1,0,0,0,1,0,0,0
395,peru,hatters,17,1632,0,0,0,0,1,0,0,0,1,0,0,0
396,peru,hatters,17,1632,0,0,0,0,1,0,0,0,1,0,0,0
397,peru,hatters,17,1632,0,0,0,0,1,0,0,0,1,0,0,0
398,peru,hatters,17,1632,0,0,0,0,1,0,0,0,1,0,0,0
399,peru,hatters,17,1632,0,0,0,0,0,0,0,0,1,0,0,0
400,peru,fireworks-makers,18,1766,0,0,0,1,1,1,1,0,0,1,0,0
401,peru,fireworks-makers,18,1766,0,0,0,1,1,0,1,0,0,1,0,0
402,peru,fireworks-makers,18,1766,0,0,0,1,1,0,1,0,0,1,0,0
403,peru,fireworks-makers,18,1766,0,0,0,1,1,0,1,0,0,1,0,0
404,peru,fireworks-makers,18,1766,0,0,0,1,1,0,0,0,0,1,0,0
405,peru,fireworks-makers,18,1766,0,0,0,0,1,0,0,0,0,1,0,0
406,peru,fireworks-makers,18,1766,0,0,0,0,0,0,0,0,0,1,0,0
407,peru,fireworks-makers,18,1766,0,0,0,0,0,0,0,0,0,1,0,0
408,peru,fireworks-makers,18,1766,0,0,0,0,0,0,0,0,0,1,0,0
409,peru,fireworks-makers,18,1766,0,0,0,0,0,0,0,0,0,1,0,0
410,peru,fireworks-makers,18,1766,0,0,0,0,0,0,0,0,0,1,0,0
411,peru,fireworks-makers,18,1766,0,0,0,0,0,0,0,0,0,1,0,0
412,peru,fireworks-makers,18,1766,0,0,0,0,0,0,0,0,0,1,0,0
413,peru,fireworks-makers,18,1766,0,0,0,0,0,0,0,0,0,1,0,0
414,peru,fireworks-makers,18,1766,0,0,0,0,0,0,0,0,0,1,0,0
415,peru,fireworks-makers,18,1766,0,0,0,0,0,0,0,0,0,1,0,0
416,peru,cap-makers,17,1608,0,1,1,1,1,1,1,0,1,0,0,0
417,peru,cap-makers,17,1608,0,1,1,1,1,0,1,0,1,0,0,0
418,peru,cap-makers,17,1608,0,1,1,0,1,0,0,0,1,0,0,0
419,peru,cap-makers,17,1608,0,1,1,0,1,0,0,0,1,0,0,0
420,peru,cap-makers,17,1608,0,1,1,0,1,0,0,0,1,0,0,0
421,peru,cap-makers,17,1608,0,1,1,0,1,0,0,0,1,0,0,0
422,peru,cap-makers,17,1608,0,0,0,0,1,0,0,0,1,0,0,0
423,peru,cap-makers,17,1608,0,0,0,0,1,0,0,0,1,0,0,0
424,peru,cap-makers,17,1608,0,0,0,0,1,0,0,0,1,0,0,0
425,peru,cap-makers,17,1608,0,0,0,0,1,0,0,0,1,0,0,0
426,peru,cap-makers,17,1608,0,0,0,0,1,0,0,0,1,0,0,0
427,peru,cap-makers,17,1608,0,0,0,0,1,0,0,0,1,0,0,0
428,peru,cap-makers,17,1608,0,0,0,0,1,0,0,0,1,0,0,0
429,peru,cap-makers,17,1608,0,0,0,0,1,0,0,0,1,0,0,0
430,peru,cap-makers,17,1608,0,0,0,0,0,0,0,0,1,0,0,0
431,peru,cap-makers,17,1608,0,0,0,0,0,0,0,0,1,0,0,0
432,peru,cap-makers,17,1608,0,0,0,0,0,0,0,0,1,0,0,0
433,peru,cap-makers,17,1608,0,0,0,0,0,0,0,0,1,0,0,0
434,peru,cap-makers,17,1608,0,0,0,0,0,0,0,0,1,0,0,0
435,peru,cap-makers,17,1608,0,0,0,0,0,0,0,0,1,0,0,0
436,peru,cap-makers,17,1608,0,0,0,0,0,0,0,0,1,0,0,0
437,peru,cap-makers,17,1608,0,0,0,0,0,0,0,0,1,0,0,0
438,peru,cap-makers,17,1608,0,0,0,0,0,0,0,0,1,0,0,0
439,peru,cap-makers,17,1608,0,0,0,0,0,0,0,0,1,0,0,0
440,peru,bakers,18,1787,0,0,1,1,1,0,1,0,0,1,0,0
441,peru,bakers,18,1787,0,0,0,1,1,0,1,0,0,1,0,0
442,peru,bakers,18,1787,0,0,0,0,1,0,1,0,0,1,0,0
443,peru,bakers,18,1787,0,0,0,0,1,0,1,0,0,1,0,0
444,peru,bakers,18,1787,0,0,0,0,1,0,0,0,0,1,0,0
445,peru,bakers,18,1787,0,0,0,0,1,0,0,0,0,1,0,0
446,peru,bakers,18,1787,0,0,0,0,1,0,0,0,0,1,0,0
447,peru,bakers,18,1787,0,0,0,0,1,0,0,0,0,1,0,0
448,peru,bakers,18,1787,0,0,0,0,0,0,0,0,0,1,0,0
449,peru,bakers,18,1787,0,0,0,0,0,0,0,0,0,1,0,0
450,peru,bakers,18,1787,0,0,0,0,0,0,0,0,0,1,0,0
451,peru,bakers,18,1787,0,0,0,0,0,0,0,0,0,1,0,0
452,peru,saddlers,17,1616,1,1,1,1,1,1,1,0,1,0,0,0
453,peru,saddlers,17,1616,0,1,1,0,1,0,1,0,1,0,0,0
454,peru,saddlers,17,1616,0,1,1,0,1,0,0,0,1,0,0,0
455,peru,saddlers,17,1616,0,0,1,0,1,0,0,0,1,0,0,0
456,peru,saddlers,17,1616,0,0,1,0,1,0,0,0,1,0,0,0
457,peru,saddlers,17,1616,0,0,1,0,1,0,0,0,1,0,0,0
458,peru,saddlers,17,1616,0,0,1,0,1,0,0,0,1,0,0,0
459,peru,saddlers,17,1616,0,0,1,0,1,0,0,0,1,0,0,0
460,peru,saddlers,17,1616,0,0,1,0,1,0,0,0,1,0,0,0
461,peru,saddlers,17,1616,0,0,1,0,1,0,0,0,1,0,0,0
462,peru,saddlers,17,1616,0,0,0,0,1,0,0,0,1,0,0,0
463,peru,saddlers,17,1616,0,0,0,0,1,0,0,0,1,0,0,0
464,peru,saddlers,17,1616,0,0,0,0,1,0,0,0,1,0,0,0
465,peru,saddlers,17,1616,0,0,0,0,1,0,0,0,1,0,0,0
466,peru,saddlers,17,1616,0,0,0,0,1,0,0,0,1,0,0,0
467,peru,saddlers,17,1616,0,0,0,0,1,0,0,0,1,0,0,0
468,peru,saddlers,17,1616,0,0,0,0,1,0,0,0,1,0,0,0
469,peru,saddlers,17,1616,0,0,0,0,1,0,0,0,1,0,0,0
470,peru,saddlers,17,1616,0,0,0,0,0,0,0,0,1,0,0,0
471,peru,saddlers,17,1616,0,0,0,0,0,0,0,0,1,0,0,0
472,peru,saddlers,17,1616,0,0,0,0,0,0,0,0,1,0,0,0
473,peru,saddlers,17,1616,0,0,0,0,0,0,0,0,1,0,0,0
474,peru,silver-smiths,17,1633,0,1,1,0,1,1,0,0,1,0,0,0
475,peru,silver-smiths,17,1633,0,0,1,0,1,1,0,0,1,0,0,0
476,peru,silver-smiths,17,1633,0,0,1,0,1,0,0,0,1,0,0,0
477,peru,silver-smiths,17,1633,0,0,0,0,1,0,0,0,1,0,0,0
478,peru,silver-smiths,17,1633,0,0,0,0,1,0,0,0,1,0,0,0
479,peru,silver-smiths,17,1633,0,0,0,0,1,0,0,0,1,0,0,0
480,peru,silver-smiths,17,1633,0,0,0,0,0,0,0,0,1,0,0,0
481,peru,silver-smiths,17,1633,0,0,0,0,0,0,0,0,1,0,0,0
482,peru,silver-smiths,17,1633,0,0,0,0,0,0,0,0,1,0,0,0
483,peru,silver-smiths,17,1633,0,0,0,0,0,0,0,0,1,0,0,0
484,peru,silver-smiths,18,1778,0,1,1,0,1,1,1,0,0,1,0,0
485,peru,silver-smiths,18,1778,0,1,1,0,1,1,1,0,0,1,0,0
486,peru,silver-smiths,18,1778,0,1,1,0,1,1,1,0,0,1,0,0
487,peru,silver-smiths,18,1778,0,1,1,0,1,0,1,0,0,1,0,0
488,peru,silver-smiths,18,1778,0,1,0,0,1,0,0,0,0,1,0,0
489,peru,silver-smiths,18,1778,0,1,0,0,1,0,0,0,0,1,0,0
490,peru,silver-smiths,18,1778,0,1,0,0,1,0,0,0,0,1,0,0
491,peru,silver-smiths,18,1778,0,1,0,0,1,0,0,0,0,1,0,0
492,peru,silver-smiths,18,1778,0,1,0,0,1,0,0,0,0,1,0,0
493,peru,silver-smiths,18,1778,0,1,0,0,1,0,0,0,0,1,0,0
494,peru,silver-smiths,18,1778,0,0,0,0,1,0,0,0,0,1,0,0
495,peru,silver-smiths,18,1778,0,0,0,0,1,0,0,0,0,1,0,0
496,peru,silver-smiths,18,1778,0,0,0,0,1,0,0,0,0,1,0,0
497,peru,silver-smiths,18,1778,0,0,0,0,1,0,0,0,0,1,0,0
498,peru,silver-smiths,18,1778,0,0,0,0,1,0,0,0,0,1,0,0
499,peru,silver-smiths,18,1778,0,0,0,0,1,0,0,0,0,1,0,0
500,peru,silver-smiths,18,1778,0,0,0,0,1,0,0,0,0,1,0,0
501,peru,silver-smiths,18,1778,0,0,0,0,1,0,0,0,0,1,0,0
502,peru,silver-smiths,18,1778,0,0,0,0,1,0,0,0,0,1,0,0
503,peru,silver-smiths,18,1778,0,0,0,0,1,0,0,0,0,1,0,0
504,peru,silver-smiths,18,1778,0,0,0,0,0,0,0,0,0,1,0,0
505,peru,silver-smiths,18,1778,0,0,0,0,0,0,0,0,0,1,0,0
506,peru,silver-smiths,18,1778,0,0,0,0,0,0,0,0,0,1,0,0
507,peru,silver-smiths,18,1778,0,0,0,0,0,0,0,0,0,1,0,0
508,peru,silver-smiths,18,1778,0,0,0,0,0,0,0,0,0,1,0,0
509,peru,silver-smiths,18,1778,0,0,0,0,0,0,0,0,0,1,0,0
510,peru,silver-smiths,18,1778,0,0,0,0,0,0,0,0,0,1,0,0
511,peru,silver-smiths,18,1778,0,0,0,0,0,0,0,0,0,1,0,0
512,peru,silver-smiths,18,1778,0,0,0,0,0,0,0,0,0,1,0,0
513,peru,silver-smiths,18,1778,0,0,0,0,0,0,0,0,0,1,0,0
514,peru,silver-smiths,18,1778,0,0,0,0,0,0,0,0,0,1,0,0
515,peru,silver-smiths,18,1778,0,0,0,0,0,0,0,0,0,1,0,0
516,peru,silver-smiths,18,1778,0,0,0,0,0,0,0,0,0,1,0,0
517,peru,silver-smiths,18,1778,0,0,0,0,0,0,0,0,0,1,0,0
518,peru,silver-smiths,18,1778,0,0,0,0,0,0,0,0,0,1,0,0
519,peru,silver-smiths,18,1778,0,0,0,0,0,0,0,0,0,1,0,0
520,peru,silver-smiths,18,1778,0,0,0,0,0,0,0,0,0,1,0,0
521,peru,silver-smiths,18,1778,0,0,0,0,0,0,0,0,0,1,0,0
522,peru,silver-smiths,18,1778,0,0,0,0,0,0,0,0,0,1,0,0
523,peru,shoemakers,16,1562,1,1,1,1,1,1,1,0,0,0,0,0
524,peru,shoemakers,16,1562,0,1,1,1,1,1,1,0,0,0,0,0
525,peru,shoemakers,16,1562,0,1,1,1,1,0,1,0,0,0,0,0
526,peru,shoemakers,16,1562,0,0,1,0,1,0,0,0,0,0,0,0
527,peru,shoemakers,16,1562,0,0,1,0,1,0,0,0,0,0,0,0
528,peru,shoemakers,16,1562,0,0,1,0,1,0,0,0,0,0,0,0
529,peru,shoemakers,16,1562,0,0,1,0,1,0,0,0,0,0,0,0
530,peru,shoemakers,16,1562,0,0,1,0,1,0,0,0,0,0,0,0
531,peru,shoemakers,16,1562,0,0,1,0,1,0,0,0,0,0,0,0
532,peru,shoemakers,16,1562,0,0,1,0,1,0,0,0,0,0,0,0
533,peru,shoemakers,16,1562,0,0,0,0,1,0,0,0,0,0,0,0
534,peru,shoemakers,16,1562,0,0,0,0,1,0,0,0,0,0,0,0
535,peru,shoemakers,16,1562,0,0,0,0,1,0,0,0,0,0,0,0
536,peru,shoemakers,16,1562,0,0,0,0,1,0,0,0,0,0,0,0
537,peru,shoemakers,16,1562,0,0,0,0,1,0,0,0,0,0,0,0
538,peru,shoemakers,16,1562,0,0,0,0,1,0,0,0,0,0,0,0
539,peru,shoemakers,16,1562,0,0,0,0,1,0,0,0,0,0,0,0
540,peru,shoemakers,16,1562,0,0,0,0,1,0,0,0,0,0,0,0
541,peru,shoemakers,16,1562,0,0,0,0,1,0,0,0,0,0,0,0
542,peru,shoemakers,16,1562,0,0,0,0,1,0,0,0,0,0,0,0
543,peru,shoemakers,16,1562,0,0,0,0,1,0,0,0,0,0,0,0
544,peru,shoemakers,16,1562,0,0,0,0,1,0,0,0,0,0,0,0
545,peru,shoemakers,16,1562,0,0,0,0,1,0,0,0,0,0,0,0
546,peru,shoemakers,16,1562,0,0,0,0,1,0,0,0,0,0,0,0
547,peru,shoemakers,16,1562,0,0,0,0,1,0,0,0,0,0,0,0
548,peru,shoemakers,16,1562,0,0,0,0,1,0,0,0,0,0,0,0
549,peru,shoemakers,16,1562,0,0,0,0,1,0,0,0,0,0,0,0
550,peru,shoemakers,16,1562,0,0,0,0,1,0,0,0,0,0,0,0
551,peru,shoemakers,16,1562,0,0,0,0,1,0,0,0,0,0,0,0
552,peru,shoemakers,16,1562,0,0,0,0,1,0,0,0,0,0,0,0
553,peru,shoemakers,16,1562,0,0,0,0,1,0,0,0,0,0,0,0
554,peru,shoemakers,16,1562,0,0,0,0,1,0,0,0,0,0,0,0
555,peru,shoemakers,16,1562,0,0,0,0,1,0,0,0,0,0,0,0
556,peru,shoemakers,16,1562,0,0,0,0,1,0,0,0,0,0,0,0
557,peru,shoemakers,16,1562,0,0,0,0,0,0,0,0,0,0,0,0
558,peru,shoemakers,16,1562,0,0,0,0,0,0,0,0,0,0,0,0
559,peru,shoemakers,16,1562,0,0,0,0,0,0,0,0,0,0,0,0
560,peru,shoemakers,16,1562,0,0,0,0,0,0,0,0,0,0,0,0
561,peru,shoemakers,16,1562,0,0,0,0,0,0,0,0,0,0,0,0
562,peru,shoemakers,16,1562,0,0,0,0,0,0,0,0,0,0,0,0
563,peru,shoemakers,16,1562,0,0,0,0,0,0,0,0,0,0,0,0
564,peru,shoemakers,16,1562,0,0,0,0,0,0,0,0,0,0,0,0
565,peru,shoemakers,16,1562,0,0,0,0,0,0,0,0,0,0,0,0
566,peru,shoemakers,16,1562,0,0,0,0,0,0,0,0,0,0,0,0
567,peru,shoemakers,16,1562,0,0,0,0,0,0,0,0,0,0,0,0
568,peru,chocolate-makers,18,1786,0,1,1,1,1,0,0,0,0,1,0,0
569,peru,chocolate-makers,18,1786,0,1,1,1,1,0,0,0,0,1,0,0
570,peru,chocolate-makers,18,1786,0,1,1,0,1,0,0,0,0,1,0,0
571,peru,chocolate-makers,18,1786,0,0,0,0,0,0,0,0,0,1,0,0
572,peru,chocolate-makers,18,1786,0,0,0,0,0,0,0,0,0,1,0,0
573,peru,chocolate-makers,18,1786,0,0,0,0,0,0,0,0,0,1,0,0
574,peru,chocolate-makers,18,1786,0,0,0,0,0,0,0,0,0,1,0,0
575,peru,chocolate-makers,18,1786,0,0,0,0,0,0,0,0,0,1,0,0
576,peru,chocolate-makers,18,1786,0,0,0,0,0,0,0,0,0,1,0,0
577,peru,chocolate-makers,18,1786,0,0,0,0,0,0,0,0,0,1,0,0
578,peru,chocolate-makers,18,1786,0,0,0,0,0,0,0,0,0,1,0,0
579,peru,potters,18,1785,0,1,1,1,1,0,0,0,0,1,0,0
580,peru,potters,18,1785,0,1,1,1,1,0,0,0,0,1,0,0
581,peru,potters,18,1785,0,0,1,0,1,0,0,0,0,1,0,0
582,peru,potters,18,1785,0,0,1,0,1,0,0,0,0,1,0,0
583,peru,potters,18,1785,0,0,1,0,0,0,0,0,0,1,0,0
584,peru,potters,18,1785,0,0,1,0,0,0,0,0,0,1,0,0
585,peru,potters,18,1785,0,0,1,0,0,0,0,0,0,1,0,0
586,peru,potters,18,1785,0,0,1,0,0,0,0,0,0,1,0,0
587,peru,potters,18,1785,0,0,1,0,0,0,0,0,0,1,0,0
588,peru,potters,18,1785,0,0,0,0,0,0,0,0,0,1,0,0
589,peru,potters,18,1785,0,0,0,0,0,0,0,0,0,1,0,0
590,peru,potters,18,1785,0,0,0,0,0,0,0,0,0,1,0,0
591,peru,potters,18,1785,0,0,0,0,0,0,0,0,0,1,0,0
592,peru,potters,18,1785,0,0,0,0,0,0,0,0,0,1,0,0
593,peru,potters,18,1785,0,0,0,0,0,0,0,0,0,1,0,0
594,peru,butchers,18,1789,0,1,1,1,1,0,1,0,0,1,0,0
595,peru,butchers,18,1789,0,0,1,1,1,0,1,0,0,1,0,0
596,peru,butchers,18,1789,0,0,0,0,1,0,1,0,0,1,0,0
597,peru,butchers,18,1789,0,0,0,0,1,0,1,0,0,1,0,0
598,peru,butchers,18,1789,0,0,0,0,1,0,1,0,0,1,0,0
599,peru,butchers,18,1789,0,0,0,0,1,0,1,0,0,1,0,0
600,peru,butchers,18,1789,0,0,0,0,1,0,0,0,0,1,0,0
601,peru,butchers,18,1789,0,0,0,0,1,0,0,0,0,1,0,0
602,peru,butchers,18,1789,0,0,0,0,1,0,0,0,0,1,0,0
603,peru,butchers,18,1789,0,0,0,0,1,0,0,0,0,1,0,0
604,peru,butchers,18,1789,0,0,0,0,1,0,0,0,0,1,0,0
605,peru,butchers,18,1789,0,0,0,0,1,0,0,0,0,1,0,0
606,peru,butchers,18,1789,0,0,0,0,1,0,0,0,0,1,0,0
607,peru,butchers,18,1789,0,0,0,0,1,0,0,0,0,1,0,0
608,peru,butchers,18,1789,0,0,0,0,0,0,0,0,0,1,0,0
609,peru,butchers,18,1789,0,0,0,0,0,0,0,0,0,1,0,0
610,peru,butchers,18,1789,0,0,0,0,0,0,0,0,0,1,0,0
611,peru,butchers,18,1789,0,0,0,0,0,0,0,0,0,1,0,0
612,peru,butchers,18,1789,0,0,0,0,0,0,0,0,0,1,0,0
613,peru,butchers,18,1789,0,0,0,0,0,0,0,0,0,1,0,0
614,peru,butchers,18,1789,0,0,0,0,0,0,0,0,0,1,0,0
615,peru,butchers,18,1789,0,0,0,0,0,0,0,0,0,1,0,0
616,peru,butchers,18,1789,0,0,0,0,0,0,0,0,0,1,0,0
617,peru,butchers,18,1789,0,0,0,0,0,0,0,0,0,1,0,0
618,peru,dyers,17,1616,1,1,1,0,1,1,0,0,1,0,0,0
619,peru,dyers,17,1616,0,1,1,0,1,0,0,0,1,0,0,0
620,peru,dyers,17,1616,0,1,1,0,1,0,0,0,1,0,0,0
621,peru,dyers,17,1616,0,1,1,0,1,0,0,0,1,0,0,0
622,peru,dyers,17,1616,0,1,1,0,1,0,0,0,1,0,0,0
623,peru,dyers,17,1616,0,1,1,0,1,0,0,0,1,0,0,0
624,peru,dyers,17,1616,0,0,0,0,0,0,0,0,1,0,0,0
625,peru,dyers,17,1616,0,0,0,0,0,0,0,0,1,0,0,0
626,peru,dyers,17,1616,0,0,0,0,0,0,0,0,1,0,0,0
627,peru,dyers,17,1616,0,0,0,0,0,0,0,0,1,0,0,0
628,peru,dyers,17,1616,0,0,0,0,0,0,0,0,1,0,0,0
629,peru,dyers,17,1616,0,0,0,0,0,0,0,0,1,0,0,0
630,peru,dyers,17,1616,0,0,0,0,0,0,0,0,1,0,0,0
631,peru,dyers,17,1616,0,0,0,0,0,0,0,0,1,0,0,0
632,peru,dyers,17,1616,0,0,0,0,0,0,0,0,1,0,0,0
633,peru,dyers,17,1616,0,0,0,0,0,0,0,0,1,0,0,0
634,peru,dyers,17,1616,0,0,0,0,0,0,0,0,1,0,0,0
635,peru,chocolate-makers,18,1787,1,1,1,1,1,0,1,0,0,1,0,0
636,peru,chocolate-makers,18,1787,1,1,1,0,1,0,0,0,0,1,0,0
637,peru,chocolate-makers,18,1787,0,1,1,0,1,0,0,0,0,1,0,0
638,peru,chocolate-makers,18,1787,0,0,1,0,1,0,0,0,0,1,0,0
639,peru,chocolate-makers,18,1787,0,0,1,0,0,0,0,0,0,1,0,0
640,peru,chocolate-makers,18,1787,0,0,0,0,0,0,0,0,0,1,0,0
641,peru,chocolate-makers,18,1787,0,0,0,0,0,0,0,0,0,1,0,0
642,peru,chocolate-makers,18,1787,0,0,0,0,0,0,0,0,0,1,0,0
643,peru,chocolate-makers,18,1787,0,0,0,0,0,0,0,0,0,1,0,0
644,peru,chocolate-makers,18,1787,0,0,0,0,0,0,0,0,0,1,0,0
645,peru,chocolate-makers,18,1787,0,0,0,0,0,0,0,0,0,1,0,0
646,peru,chocolate-makers,18,1787,0,0,0,0,0,0,0,0,0,1,0,0
647,peru,chocolate-makers,18,1787,0,0,0,0,0,0,0,0,0,1,0,0
648,peru,chocolate-makers,18,1787,0,0,0,0,0,0,0,0,0,1,0,0
649,peru,chocolate-makers,18,1787,0,0,0,0,0,0,0,0,0,1,0,0
650,peru,butchers,18,1788,0,0,1,1,1,0,1,0,0,1,0,0
651,peru,butchers,18,1788,0,0,0,1,1,0,0,0,0,1,0,0
652,peru,butchers,18,1788,0,0,0,1,1,0,0,0,0,1,0,0
653,peru,butchers,18,1788,0,0,0,0,1,0,0,0,0,1,0,0
654,peru,butchers,18,1788,0,0,0,0,0,0,0,0,0,1,0,0
655,peru,butchers,18,1788,0,0,0,0,0,0,0,0,0,1,0,0
656,peru,butchers,18,1788,0,0,0,0,0,0,0,0,0,1,0,0
657,peru,butchers,18,1788,0,0,0,0,0,0,0,0,0,1,0,0
658,peru,butchers,18,1788,0,0,0,0,0,0,0,0,0,1,0,0
659,peru,rope,18,1780,0,1,1,1,1,1,0,0,0,1,0,0
660,peru,rope,18,1780,0,0,1,1,1,1,0,0,0,1,0,0
661,peru,rope,18,1780,0,0,1,1,1,1,0,0,0,1,0,0
662,peru,rope,18,1780,0,0,1,0,1,1,0,0,0,1,0,0
663,peru,rope,18,1780,0,0,0,0,1,1,0,0,0,1,0,0
664,peru,rope,18,1780,0,0,0,0,1,1,0,0,0,1,0,0
665,peru,rope,18,1780,0,0,0,0,1,0,0,0,0,1,0,0
666,peru,rope,18,1780,0,0,0,0,1,0,0,0,0,1,0,0
667,peru,rope,18,1780,0,0,0,0,0,0,0,0,0,1,0,0
668,peru,rope,18,1780,0,0,0,0,0,0,0,0,0,1,0,0
669,peru,rope,18,1780,0,0,0,0,0,0,0,0,0,1,0,0
670,peru,rope,18,1780,0,0,0,0,0,0,0,0,0,1,0,0
671,peru,rope,18,1780,0,0,0,0,0,0,0,0,0,1,0,0
672,peru,rope,18,1780,0,0,0,0,0,0,0,0,0,1,0,0
673,peru,rope,18,1780,0,0,0,0,0,0,0,0,0,1,0,0
674,peru,rope,18,1780,0,0,0,0,0,0,0,0,0,1,0,0
675,peru,tailors,16,1557,1,1,0,0,1,1,1,0,0,0,0,0
676,peru,tailors,16,1557,0,1,0,0,1,1,0,0,0,0,0,0
677,peru,tailors,16,1557,0,1,0,0,1,1,0,0,0,0,0,0
678,peru,tailors,16,1557,0,1,0,0,1,1,0,0,0,0,0,0
679,peru,tailors,16,1557,0,1,0,0,1,1,0,0,0,0,0,0
680,peru,tailors,16,1557,0,0,0,0,1,1,0,0,0,0,0,0
681,peru,tailors,16,1557,0,0,0,0,1,0,0,0,0,0,0,0
682,peru,tailors,16,1557,0,0,0,0,1,0,0,0,0,0,0,0
683,peru,tailors,16,1557,0,0,0,0,1,0,0,0,0,0,0,0
684,peru,tailors,16,1557,0,0,0,0,1,0,0,0,0,0,0,0
685,peru,tailors,16,1557,0,0,0,0,1,0,0,0,0,0,0,0
686,peru,tailors,16,1557,0,0,0,0,0,0,0,0,0,0,0,0
687,peru,tailors,16,1557,0,0,0,0,0,0,0,0,0,0,0,0
688,peru,tailors,16,1557,0,0,0,0,0,0,0,0,0,0,0,0
689,peru,tailors,16,1557,0,0,0,0,0,0,0,0,0,0,0,0
690,peru,tailors,16,1557,0,0,0,0,0,0,0,0,0,0,0,0
691,peru,tailors,16,1557,0,0,0,0,0,0,0,0,0,0,0,0
692,peru,tailors,16,1557,0,0,0,0,0,0,0,0,0,0,0,0
693,peru,tailors,16,1557,0,0,0,0,0,0,0,0,0,0,0,0
694,peru,tailors,16,1557,0,0,0,0,0,0,0,0,0,0,0,0
695,peru,mattress-makers,18,1779,0,1,1,1,1,1,1,0,0,1,0,0
696,peru,mattress-makers,18,1779,0,1,1,0,1,0,1,0,0,1,0,0
697,peru,mattress-makers,18,1779,0,1,1,0,1,0,1,0,0,1,0,0
698,peru,mattress-makers,18,1779,0,1,1,0,1,0,1,0,0,1,0,0
699,peru,mattress-makers,18,1779,0,1,1,0,1,0,0,0,0,1,0,0
700,peru,mattress-makers,18,1779,0,1,0,0,1,0,0,0,0,1,0,0
701,peru,mattress-makers,18,1779,0,1,0,0,1,0,0,0,0,1,0,0
702,peru,mattress-makers,18,1779,0,1,0,0,1,0,0,0,0,1,0,0
703,peru,mattress-makers,18,1779,0,1,0,0,1,0,0,0,0,1,0,0
704,peru,mattress-makers,18,1779,0,1,0,0,1,0,0,0,0,1,0,0
705,peru,mattress-makers,18,1779,0,0,0,0,1,0,0,0,0,1,0,0
706,peru,mattress-makers,18,1779,0,0,0,0,1,0,0,0,0,1,0,0
707,peru,mattress-makers,18,1779,0,0,0,0,1,0,0,0,0,1,0,0
708,peru,mattress-makers,18,1779,0,0,0,0,1,0,0,0,0,1,0,0
709,peru,mattress-makers,18,1779,0,0,0,0,1,0,0,0,0,1,0,0
710,peru,mattress-makers,18,1779,0,0,0,0,1,0,0,0,0,1,0,0
711,peru,mattress-makers,18,1779,0,0,0,0,1,0,0,0,0,1,0,0
712,peru,mattress-makers,18,1779,0,0,0,0,1,0,0,0,0,1,0,0
713,peru,mattress-makers,18,1779,0,0,0,0,1,0,0,0,0,1,0,0
714,peru,mattress-makers,18,1779,0,0,0,0,0,0,0,0,0,1,0,0
715,peru,mattress-makers,18,1779,0,0,0,0,0,0,0,0,0,1,0,0
716,peru,mattress-makers,18,1779,0,0,0,0,0,0,0,0,0,1,0,0
717,peru,mattress-makers,18,1779,0,0,0,0,0,0,0,0,0,1,0,0
718,peru,mattress-makers,18,1779,0,0,0,0,0,0,0,0,0,1,0,0
719,peru,mattress-makers,18,1779,0,0,0,0,0,0,0,0,0,1,0,0
720,peru,mattress-makers,18,1779,0,0,0,0,0,0,0,0,0,1,0,0
721,peru,mattress-makers,18,1779,0,0,0,0,0,0,0,0,0,1,0,0
722,peru,mattress-makers,18,1779,0,0,0,0,0,0,0,0,0,1,0,0
723,peru,mattress-makers,18,1779,0,0,0,0,0,0,0,0,0,1,0,0
724,peru,mattress-makers,18,1779,0,0,0,0,0,0,0,0,0,1,0,0
725,peru,mattress-makers,18,1779,0,0,0,0,0,0,0,0,0,1,0,0
726,peru,mattress-makers,18,1779,0,0,0,0,0,0,0,0,0,1,0,0
727,peru,mattress-makers,18,1779,0,0,0,0,0,0,0,0,0,1,0,0
728,peru,mattress-makers,18,1779,0,0,0,0,0,0,0,0,0,1,0,0
729,peru,mattress-makers,18,1779,0,0,0,0,0,0,0,0,0,1,0,0
730,peru,mattress-makers,18,1779,0,0,0,0,0,0,0,0,0,1,0,0
731,peru,tallow,18,1799,0,0,0,1,1,0,1,0,0,1,0,0
732,peru,tallow,18,1799,0,0,0,1,1,0,1,0,0,1,0,0
733,peru,tallow,18,1799,0,0,0,1,1,0,1,0,0,1,0,0
734,peru,tallow,18,1799,0,0,0,1,1,0,1,0,0,1,0,0
735,peru,tallow,18,1799,0,0,0,1,1,0,1,0,0,1,0,0
736,peru,tallow,18,1799,0,0,0,1,1,0,1,0,0,1,0,0
737,peru,tallow,18,1799,0,0,0,1,1,0,1,0,0,1,0,0
738,peru,tallow,18,1799,0,0,0,1,1,0,1,0,0,1,0,0
739,peru,tallow,18,1799,0,0,0,0,1,0,1,0,0,1,0,0
740,peru,tallow,18,1799,0,0,0,0,1,0,1,0,0,1,0,0
741,peru,tallow,18,1799,0,0,0,0,1,0,1,0,0,1,0,0
742,peru,tallow,18,1799,0,0,0,0,1,0,1,0,0,1,0,0
743,peru,tallow,18,1799,0,0,0,0,1,0,1,0,0,1,0,0
744,peru,tallow,18,1799,0,0,0,0,1,0,1,0,0,1,0,0
745,peru,tallow,18,1799,0,0,0,0,1,0,1,0,0,1,0,0
746,peru,tallow,18,1799,0,0,0,0,1,0,1,0,0,1,0,0
747,peru,tallow,18,1799,0,0,0,0,1,0,1,0,0,1,0,0
748,peru,tallow,18,1799,0,0,0,0,1,0,1,0,0,1,0,0
749,peru,tallow,18,1799,0,0,0,0,1,0,1,0,0,1,0,0
750,peru,tallow,18,1799,0,0,0,0,1,0,1,0,0,1,0,0
751,peru,tallow,18,1799,0,0,0,0,1,0,1,0,0,1,0,0
752,peru,tallow,18,1799,0,0,0,0,1,0,0,0,0,1,0,0
753,peru,tallow,18,1799,0,0,0,0,1,0,0,0,0,1,0,0
754,peru,tallow,18,1799,0,0,0,0,1,0,0,0,0,1,0,0
755,peru,tallow,18,1799,0,0,0,0,1,0,0,0,0,1,0,0
756,peru,tallow,18,1799,0,0,0,0,1,0,0,0,0,1,0,0
757,peru,tallow,18,1799,0,0,0,0,1,0,0,0,0,1,0,0
758,peru,tallow,18,1799,0,0,0,0,1,0,0,0,0,1,0,0
759,peru,tallow,18,1799,0,0,0,0,1,0,0,0,0,1,0,0
760,peru,tallow,18,1799,0,0,0,0,1,0,0,0,0,1,0,0
761,peru,tallow,18,1799,0,0,0,0,0,0,0,0,0,1,0,0
762,peru,tallow,18,1799,0,0,0,0,0,0,0,0,0,1,0,0
763,peru,tallow,18,1799,0,0,0,0,0,0,0,0,0,1,0,0
764,peru,tallow,18,1799,0,0,0,0,0,0,0,0,0,1,0,0
765,peru,tallow,18,1799,0,0,0,0,0,0,0,0,0,1,0,0
766,peru,tallow,18,1799,0,0,0,0,0,0,0,0,0,1,0,0
767,peru,tallow,18,1799,0,0,0,0,0,0,0,0,0,1,0,0
768,peru,tallow,18,1799,0,0,0,0,0,0,0,0,0,1,0,0
769,peru,tallow,18,1799,0,0,0,0,0,0,0,0,0,1,0,0
770,peru,tallow,18,1799,0,0,0,0,0,0,0,0,0,1,0,0
771,peru,tallow,18,1799,0,0,0,0,0,0,0,0,0,1,0,0
772,peru,tallow,18,1799,0,0,0,0,0,0,0,0,0,1,0,0
773,peru,tallow,18,1799,0,0,0,0,0,0,0,0,0,1,0,0
774,peru,tallow,18,1799,0,0,0,0,0,0,0,0,0,1,0,0
775,peru,tallow,18,1799,0,0,0,0,0,0,0,0,0,1,0,0
776,peru,tallow,18,1799,0,0,0,0,0,0,0,0,0,1,0,0
777,peru,tallow,18,1799,0,0,0,0,0,0,0,0,0,1,0,0
778,peru,tallow,18,1799,0,0,0,0,0,0,0,0,0,1,0,0
779,peru,tallow,18,1799,0,0,0,0,0,0,0,0,0,1,0,0
780,peru,tallow,18,1799,0,0,0,0,0,0,0,0,0,1,0,0
781,peru,tallow,18,1799,0,0,0,0,0,0,0,0,0,1,0,0
782,peru,tallow,18,1799,0,0,0,0,0,0,0,0,0,1,0,0
783,peru,tallow,18,1799,0,0,0,0,0,0,0,0,0,1,0,0
784,peru,tallow,18,1799,0,0,0,0,0,0,0,0,0,1,0,0
785,peru,tallow,18,1799,0,0,0,0,0,0,0,0,0,1,0,0
786,peru,tallow,18,1799,0,0,0,0,0,0,0,0,0,1,0,0
787,peru,tallow,18,1799,0,0,0,0,0,0,0,0,0,1,0,0
788,peru,tallow,18,1799,0,0,0,0,0,0,0,0,0,1,0,0
789,peru,silk-finishers,17,1613,1,1,1,0,1,1,1,0,1,0,0,0
790,peru,silk-finishers,17,1613,0,1,1,0,1,0,0,0,1,0,0,0
791,peru,silk-finishers,17,1613,0,1,1,0,1,0,0,0,1,0,0,0
792,peru,silk-finishers,17,1613,0,1,1,0,1,0,0,0,1,0,0,0
793,peru,silk-finishers,17,1613,0,1,0,0,0,0,0,0,1,0,0,0
794,peru,silk-finishers,17,1613,0,1,0,0,0,0,0,0,1,0,0,0
795,peru,silk-finishers,17,1613,0,1,0,0,0,0,0,0,1,0,0,0
796,peru,silk-finishers,17,1613,0,1,0,0,0,0,0,0,1,0,0,0
797,peru,silk-finishers,17,1613,0,1,0,0,0,0,0,0,1,0,0,0
798,peru,silk-finishers,17,1613,0,1,0,0,0,0,0,0,1,0,0,0
799,peru,silk-finishers,17,1613,0,1,0,0,0,0,0,0,1,0,0,0
800,peru,silk-finishers,17,1613,0,1,0,0,0,0,0,0,1,0,0,0
801,peru,silk-finishers,17,1613,0,1,0,0,0,0,0,0,1,0,0,0
802,peru,silk-finishers,17,1613,0,1,0,0,0,0,0,0,1,0,0,0
803,peru,silk-finishers,17,1613,0,1,0,0,0,0,0,0,1,0,0,0
804,peru,silk-finishers,17,1613,0,0,0,0,0,0,0,0,1,0,0,0
805,peru,silk-finishers,17,1613,0,0,0,0,0,0,0,0,1,0,0,0
806,peru,silk-finishers,17,1613,0,0,0,0,0,0,0,0,1,0,0,0
807,peru,silk-finishers,17,1613,0,0,0,0,0,0,0,0,1,0,0,0
808,peru,silk-finishers,17,1613,0,0,0,0,0,0,0,0,1,0,0,0
809,peru,silk-finishers,17,1613,0,0,0,0,0,0,0,0,1,0,0,0
810,peru,silk-finishers,17,1613,0,0,0,0,0,0,0,0,1,0,0,0
811,peru,silk-finishers,17,1613,0,0,0,0,0,0,0,0,1,0,0,0
812,peru,shoemakers,17,1604,0,1,1,0,1,1,1,0,1,0,0,0
813,peru,shoemakers,17,1604,0,1,1,0,1,1,1,0,1,0,0,0
814,peru,shoemakers,17,1604,0,1,1,0,1,1,1,0,1,0,0,0
815,peru,shoemakers,17,1604,0,1,1,0,1,1,1,0,1,0,0,0
816,peru,shoemakers,17,1604,0,0,1,0,1,1,1,0,1,0,0,0
817,peru,shoemakers,17,1604,0,0,1,0,1,0,1,0,1,0,0,0
818,peru,shoemakers,17,1604,0,0,1,0,1,0,0,0,1,0,0,0
819,peru,shoemakers,17,1604,0,0,1,0,1,0,0,0,1,0,0,0
820,peru,shoemakers,17,1604,0,0,1,0,1,0,0,0,1,0,0,0
821,peru,shoemakers,17,1604,0,0,1,0,1,0,0,0,1,0,0,0
822,peru,shoemakers,17,1604,0,0,1,0,1,0,0,0,1,0,0,0
823,peru,shoemakers,17,1604,0,0,1,0,1,0,0,0,1,0,0,0
824,peru,shoemakers,17,1604,0,0,1,0,1,0,0,0,1,0,0,0
825,peru,shoemakers,17,1604,0,0,1,0,1,0,0,0,1,0,0,0
826,peru,shoemakers,17,1604,0,0,1,0,1,0,0,0,1,0,0,0
827,peru,shoemakers,17,1604,0,0,1,0,1,0,0,0,1,0,0,0
828,peru,shoemakers,17,1604,0,0,1,0,1,0,0,0,1,0,0,0
829,peru,shoemakers,17,1604,0,0,0,0,1,0,0,0,1,0,0,0
830,peru,shoemakers,17,1604,0,0,0,0,1,0,0,0,1,0,0,0
831,peru,shoemakers,17,1604,0,0,0,0,1,0,0,0,1,0,0,0
832,peru,shoemakers,17,1604,0,0,0,0,1,0,0,0,1,0,0,0
833,peru,shoemakers,17,1604,0,0,0,0,1,0,0,0,1,0,0,0
834,peru,shoemakers,17,1604,0,0,0,0,1,0,0,0,1,0,0,0
835,peru,shoemakers,17,1604,0,0,0,0,1,0,0,0,1,0,0,0
836,peru,shoemakers,17,1604,0,0,0,0,1,0,0,0,1,0,0,0
837,peru,shoemakers,17,1604,0,0,0,0,1,0,0,0,1,0,0,0
838,peru,shoemakers,17,1604,0,0,0,0,1,0,0,0,1,0,0,0
839,peru,shoemakers,17,1604,0,0,0,0,0,0,0,0,1,0,0,0
840,peru,shoemakers,17,1604,0,0,0,0,0,0,0,0,1,0,0,0
841,peru,shoemakers,17,1604,0,0,0,0,0,0,0,0,1,0,0,0
842,peru,shoemakers,17,1604,0,0,0,0,0,0,0,0,1,0,0,0
843,peru,shoemakers,17,1604,0,0,0,0,0,0,0,0,1,0,0,0
844,peru,shoemakers,17,1604,0,0,0,0,0,0,0,0,1,0,0,0
845,peru,shoemakers,17,1604,0,0,0,0,0,0,0,0,1,0,0,0
846,peru,shoemakers,17,1604,0,0,0,0,0,0,0,0,1,0,0,0
847,peru,shoemakers,17,1604,0,0,0,0,0,0,0,0,1,0,0,0
848,peru,shoemakers,17,1604,0,0,0,0,0,0,0,0,1,0,0,0
849,peru,shoemakers,17,1604,0,0,0,0,0,0,0,0,1,0,0,0
850,peru,shoemakers,17,1604,0,0,0,0,0,0,0,0,1,0,0,0
851,peru,shoemakers,17,1604,0,0,0,0,0,0,0,0,1,0,0,0
852,peru,shoemakers,17,1604,0,0,0,0,0,0,0,0,1,0,0,0
853,peru,gold-drawers,17,1640,1,1,1,0,1,1,1,0,1,0,0,0
854,peru,gold-drawers,17,1640,0,1,0,0,1,0,0,0,1,0,0,0
855,peru,gold-drawers,17,1640,0,1,0,0,1,0,0,0,1,0,0,0
856,peru,gold-drawers,17,1640,0,1,0,0,1,0,0,0,1,0,0,0
857,peru,gold-drawers,17,1640,0,1,0,0,1,0,0,0,1,0,0,0
858,peru,gold-drawers,17,1640,0,1,0,0,1,0,0,0,1,0,0,0
859,peru,gold-drawers,17,1640,0,0,0,0,1,0,0,0,1,0,0,0
860,peru,gold-drawers,17,1640,0,0,0,0,1,0,0,0,1,0,0,0
861,peru,gold-drawers,17,1640,0,0,0,0,1,0,0,0,1,0,0,0
862,peru,gold-drawers,17,1640,0,0,0,0,0,0,0,0,1,0,0,0
863,peru,gold-drawers,17,1640,0,0,0,0,0,0,0,0,1,0,0,0
864,peru,gold-drawers,17,1640,0,0,0,0,0,0,0,0,1,0,0,0
865,peru,gold-drawers,17,1640,0,0,0,0,0,0,0,0,1,0,0,0
866,peru,gold-drawers,17,1640,0,0,0,0,0,0,0,0,1,0,0,0
867,peru,tallow,18,1785,1,0,1,1,1,0,1,0,0,1,0,0
868,peru,tallow,18,1785,0,0,1,1,1,0,1,0,0,1,0,0
869,peru,tallow,18,1785,0,0,1,1,1,0,1,0,0,1,0,0
870,peru,tallow,18,1785,0,0,1,1,0,0,1,0,0,1,0,0
871,peru,tallow,18,1785,0,0,1,1,0,0,1,0,0,1,0,0
872,peru,tallow,18,1785,0,0,0,1,0,0,0,0,0,1,0,0
873,peru,tallow,18,1785,0,0,0,1,0,0,0,0,0,1,0,0
874,peru,tallow,18,1785,0,0,0,0,0,0,0,0,0,1,0,0
875,peru,tallow,18,1785,0,0,0,0,0,0,0,0,0,1,0,0
876,peru,tallow,18,1785,0,0,0,0,0,0,0,0,0,1,0,0
877,peru,tallow,18,1785,0,0,0,0,0,0,0,0,0,1,0,0
878,peru,tallow,18,1785,0,0,0,0,0,0,0,0,0,1,0,0
879,peru,tallow,18,1785,0,0,0,0,0,0,0,0,0,1,0,0
880,peru,tallow,18,1785,0,0,0,0,0,0,0,0,0,1,0,0
881,peru,tallow,18,1785,0,0,0,0,0,0,0,0,0,1,0,0
882,peru,tallow,18,1785,0,0,0,0,0,0,0,0,0,1,0,0
883,peru,tallow,18,1785,0,0,0,0,0,0,0,0,0,1,0,0
884,peru,tallow,18,1785,0,0,0,0,0,0,0,0,0,1,0,0
885,peru,tallow,18,1785,0,0,0,0,0,0,0,0,0,1,0,0
886,peru,tallow,18,1785,0,0,0,0,0,0,0,0,0,1,0,0
887,peru,hatters,16,1577,1,1,1,0,1,0,1,0,0,0,0,0
888,peru,hatters,16,1577,0,1,1,0,1,0,0,0,0,0,0,0
889,peru,hatters,16,1577,0,1,1,0,1,0,0,0,0,0,0,0
890,peru,hatters,16,1577,0,1,0,0,1,0,0,0,0,0,0,0
891,peru,hatters,16,1577,0,0,0,0,1,0,0,0,0,0,0,0
892,peru,hatters,16,1577,0,0,0,0,1,0,0,0,0,0,0,0
893,peru,hatters,16,1577,0,0,0,0,1,0,0,0,0,0,0,0
894,peru,hatters,16,1577,0,0,0,0,1,0,0,0,0,0,0,0
895,peru,hatters,16,1577,0,0,0,0,1,0,0,0,0,0,0,0
896,peru,hatters,16,1577,0,0,0,0,1,0,0,0,0,0,0,0
897,peru,hatters,16,1577,0,0,0,0,1,0,0,0,0,0,0,0
898,peru,hatters,16,1577,0,0,0,0,0,0,0,0,0,0,0,0
899,peru,hatters,16,1577,0,0,0,0,0,0,0,0,0,0,0,0
900,peru,hatters,16,1577,0,0,0,0,0,0,0,0,0,0,0,0
901,peru,ribbon,17,1652,1,0,0,1,1,0,0,0,1,0,0,0
902,peru,ribbon,17,1652,0,0,0,0,1,0,0,0,1,0,0,0
903,peru,ribbon,17,1652,0,0,0,0,1,0,0,0,1,0,0,0
904,peru,ribbon,17,1652,0,0,0,0,1,0,0,0,1,0,0,0
905,peru,ribbon,17,1652,0,0,0,0,1,0,0,0,1,0,0,0
906,peru,ribbon,17,1652,0,0,0,0,0,0,0,0,1,0,0,0
907,peru,shoemakers,18,1792,1,1,1,1,1,1,1,0,0,1,0,0
908,peru,shoemakers,18,1792,1,1,1,1,1,1,1,0,0,1,0,0
909,peru,shoemakers,18,1792,1,1,1,1,1,0,1,0,0,1,0,0
910,peru,shoemakers,18,1792,1,1,0,1,1,0,1,0,0,1,0,0
911,peru,shoemakers,18,1792,0,1,0,1,1,0,1,0,0,1,0,0
912,peru,shoemakers,18,1792,0,1,0,0,1,0,1,0,0,1,0,0
913,peru,shoemakers,18,1792,0,1,0,0,1,0,1,0,0,1,0,0
914,peru,shoemakers,18,1792,0,0,0,0,1,0,1,0,0,1,0,0
915,peru,shoemakers,18,1792,0,0,0,0,1,0,0,0,0,1,0,0
916,peru,shoemakers,18,1792,0,0,0,0,1,0,0,0,0,1,0,0
917,peru,shoemakers,18,1792,0,0,0,0,1,0,0,0,0,1,0,0
918,peru,shoemakers,18,1792,0,0,0,0,1,0,0,0,0,1,0,0
919,peru,shoemakers,18,1792,0,0,0,0,1,0,0,0,0,1,0,0
920,peru,shoemakers,18,1792,0,0,0,0,1,0,0,0,0,1,0,0
921,peru,shoemakers,18,1792,0,0,0,0,1,0,0,0,0,1,0,0
922,peru,shoemakers,18,1792,0,0,0,0,1,0,0,0,0,1,0,0
923,peru,shoemakers,18,1792,0,0,0,0,1,0,0,0,0,1,0,0
924,peru,shoemakers,18,1792,0,0,0,0,1,0,0,0,0,1,0,0
925,peru,shoemakers,18,1792,0,0,0,0,1,0,0,0,0,1,0,0
926,peru,shoemakers,18,1792,0,0,0,0,1,0,0,0,0,1,0,0
927,peru,shoemakers,18,1792,0,0,0,0,1,0,0,0,0,1,0,0
928,peru,shoemakers,18,1792,0,0,0,0,0,0,0,0,0,1,0,0
929,peru,shoemakers,18,1792,0,0,0,0,0,0,0,0,0,1,0,0
930,peru,shoemakers,18,1792,0,0,0,0,0,0,0,0,0,1,0,0
931,peru,shoemakers,18,1792,0,0,0,0,0,0,0,0,0,1,0,0
932,peru,shoemakers,18,1792,0,0,0,0,0,0,0,0,0,1,0,0
933,peru,shoemakers,18,1792,0,0,0,0,0,0,0,0,0,1,0,0
934,peru,shoemakers,18,1792,0,0,0,0,0,0,0,0,0,1,0,0
935,peru,shoemakers,18,1792,0,0,0,0,0,0,0,0,0,1,0,0
936,peru,shoemakers,18,1792,0,0,0,0,0,0,0,0,0,1,0,0
937,peru,shoemakers,18,1792,0,0,0,0,0,0,0,0,0,1,0,0
938,peru,shoemakers,18,1792,0,0,0,0,0,0,0,0,0,1,0,0
939,peru,shoemakers,18,1792,0,0,0,0,0,0,0,0,0,1,0,0
940,peru,shoemakers,18,1792,0,0,0,0,0,0,0,0,0,1,0,0
941,peru,shoemakers,18,1792,0,0,0,0,0,0,0,0,0,1,0,0
942,peru,shoemakers,18,1792,0,0,0,0,0,0,0,0,0,1,0,0
943,peru,shoemakers,18,1792,0,0,0,0,0,0,0,0,0,1,0,0
944,peru,shoemakers,18,1792,0,0,0,0,0,0,0,0,0,1,0,0
945,peru,ribbon-makers,17,1604,1,1,1,1,1,1,0,0,1,0,0,0
946,peru,ribbon-makers,17,1604,1,1,1,0,1,0,0,0,1,0,0,0
947,peru,ribbon-makers,17,1604,0,1,1,0,1,0,0,0,1,0,0,0
948,peru,ribbon-makers,17,1604,0,1,1,0,1,0,0,0,1,0,0,0
949,peru,ribbon-makers,17,1604,0,1,1,0,1,0,0,0,1,0,0,0
950,peru,ribbon-makers,17,1604,0,1,1,0,1,0,0,0,1,0,0,0
951,peru,ribbon-makers,17,1604,0,1,1,0,1,0,0,0,1,0,0,0
952,peru,ribbon-makers,17,1604,0,1,1,0,1,0,0,0,1,0,0,0
953,peru,ribbon-makers,17,1604,0,1,1,0,1,0,0,0,1,0,0,0
954,peru,ribbon-makers,17,1604,0,1,1,0,1,0,0,0,1,0,0,0
955,peru,ribbon-makers,17,1604,0,1,1,0,1,0,0,0,1,0,0,0
956,peru,ribbon-makers,17,1604,0,0,1,0,1,0,0,0,1,0,0,0
957,peru,ribbon-makers,17,1604,0,0,0,0,1,0,0,0,1,0,0,0
958,peru,ribbon-makers,17,1604,0,0,0,0,1,0,0,0,1,0,0,0
959,peru,ribbon-makers,17,1604,0,0,0,0,1,0,0,0,1,0,0,0
960,peru,ribbon-makers,17,1604,0,0,0,0,1,0,0,0,1,0,0,0
961,peru,ribbon-makers,17,1604,0,0,0,0,1,0,0,0,1,0,0,0
962,peru,ribbon-makers,17,1604,0,0,0,0,1,0,0,0,1,0,0,0
963,peru,ribbon-makers,17,1604,0,0,0,0,1,0,0,0,1,0,0,0
964,peru,ribbon-makers,17,1604,0,0,0,0,1,0,0,0,1,0,0,0
965,peru,ribbon-makers,17,1604,0,0,0,0,1,0,0,0,1,0,0,0
966,peru,ribbon-makers,17,1604,0,0,0,0,0,0,0,0,1,0,0,0
967,peru,ribbon-makers,17,1604,0,0,0,0,0,0,0,0,1,0,0,0
968,peru,ribbon-makers,17,1604,0,0,0,0,0,0,0,0,1,0,0,0
969,peru,ribbon-makers,17,1604,0,0,0,0,0,0,0,0,1,0,0,0
970,peru,ribbon-makers,17,1604,0,0,0,0,0,0,0,0,1,0,0,0
971,peru,ribbon-makers,17,1604,0,0,0,0,0,0,0,0,1,0,0,0
972,peru,ribbon-makers,17,1604,0,0,0,0,0,0,0,0,1,0,0,0
973,peru,ribbon-makers,17,1604,0,0,0,0,0,0,0,0,1,0,0,0
974,peru,ribbon-makers,17,1604,0,0,0,0,0,0,0,0,1,0,0,0
975,peru,ribbon-makers,17,1604,0,0,0,0,0,0,0,0,1,0,0,0
976,peru,ribbon-makers,17,1604,0,0,0,0,0,0,0,0,1,0,0,0
977,peru,ribbon-makers,17,1604,0,0,0,0,0,0,0,0,1,0,0,0
978,peru,ribbon-makers,17,1604,0,0,0,0,0,0,0,0,1,0,0,0
979,peru,ribbon-makers,17,1604,0,0,0,0,0,0,0,0,1,0,0,0
980,peru,ribbon-makers,17,1604,0,0,0,0,0,0,0,0,1,0,0,0
981,peru,ribbon-makers,17,1604,0,0,0,0,0,0,0,0,1,0,0,0
982,peru,embroiderers,18,1797,0,1,1,0,1,1,1,0,0,1,0,0
983,peru,embroiderers,18,1797,0,1,1,0,0,0,1,0,0,1,0,0
984,peru,embroiderers,18,1797,0,0,0,0,0,0,1,0,0,1,0,0
985,peru,embroiderers,18,1797,0,0,0,0,0,0,0,0,0,1,0,0
986,peru,embroiderers,18,1797,0,0,0,0,0,0,0,0,0,1,0,0
987,peru,embroiderers,18,1797,0,0,0,0,0,0,0,0,0,1,0,0
988,peru,embroiderers,18,1797,0,0,0,0,0,0,0,0,0,1,0,0
989,peru,embroiderers,18,1797,0,0,0,0,0,0,0,0,0,1,0,0
990,peru,embroiderers,18,1797,0,0,0,0,0,0,0,0,0,1,0,0
991,peru,candle-makers,17,1613,0,0,1,1,1,0,1,0,1,0,0,0
992,peru,candle-makers,17,1613,0,0,0,0,0,0,0,0,1,0,0,0
993,peru,candle-makers,17,1613,0,0,0,0,0,0,0,0,1,0,0,0
994,peru,candle-makers,17,1613,0,0,0,0,0,0,0,0,1,0,0,0
995,peru,tailors,17,1636,1,1,1,0,1,1,1,0,1,0,0,0
996,peru,tailors,17,1636,1,1,1,0,1,1,1,0,1,0,0,0
997,peru,tailors,17,1636,0,1,0,0,1,1,1,0,1,0,0,0
998,peru,tailors,17,1636,0,0,0,0,1,1,1,0,1,0,0,0
999,peru,tailors,17,1636,0,0,0,0,1,0,1,0,1,0,0,0
1000,peru,tailors,17,1636,0,0,0,0,1,0,0,0,1,0,0,0
1001,peru,tailors,17,1636,0,0,0,0,1,0,0,0,1,0,0,0
1002,peru,tailors,17,1636,0,0,0,0,1,0,0,0,1,0,0,0
1003,peru,tailors,17,1636,0,0,0,0,1,0,0,0,1,0,0,0
1004,peru,tailors,17,1636,0,0,0,0,1,0,0,0,1,0,0,0
1005,peru,tailors,17,1636,0,0,0,0,1,0,0,0,1,0,0,0
1006,peru,tailors,17,1636,0,0,0,0,1,0,0,0,1,0,0,0
1007,peru,tailors,17,1636,0,0,0,0,1,0,0,0,1,0,0,0
1008,peru,tailors,17,1636,0,0,0,0,0,0,0,0,1,0,0,0
1009,peru,tailors,17,1636,0,0,0,0,0,0,0,0,1,0,0,0
1010,peru,tailors,17,1636,0,0,0,0,0,0,0,0,1,0,0,0
1011,peru,tailors,17,1636,0,0,0,0,0,0,0,0,1,0,0,0
1012,peru,tailors,17,1636,0,0,0,0,0,0,0,0,1,0,0,0
1013,peru,tailors,17,1636,0,0,0,0,0,0,0,0,1,0,0,0
1014,peru,tailors,17,1636,0,0,0,0,0,0,0,0,1,0,0,0
1015,peru,tailors,17,1636,0,0,0,0,0,0,0,0,1,0,0,0
1016,peru,tailors,17,1636,0,0,0,0,0,0,0,0,1,0,0,0
1017,peru,sword-smiths,17,1605,1,1,1,1,1,1,1,0,1,0,0,0
1018,peru,sword-smiths,17,1605,0,1,1,0,1,0,1,0,1,0,0,0
1019,peru,sword-smiths,17,1605,0,1,1,0,1,0,1,0,1,0,0,0
1020,peru,sword-smiths,17,1605,0,1,1,0,1,0,1,0,1,0,0,0
1021,peru,sword-smiths,17,1605,0,0,0,0,1,0,1,0,1,0,0,0
1022,peru,sword-smiths,17,1605,0,0,0,0,1,0,1,0,1,0,0,0
1023,peru,sword-smiths,17,1605,0,0,0,0,1,0,0,0,1,0,0,0
1024,peru,sword-smiths,17,1605,0,0,0,0,1,0,0,0,1,0,0,0
1025,peru,sword-smiths,17,1605,0,0,0,0,1,0,0,0,1,0,0,0
1026,peru,sword-smiths,17,1605,0,0,0,0,1,0,0,0,1,0,0,0
1027,peru,sword-smiths,17,1605,0,0,0,0,1,0,0,0,1,0,0,0
1028,peru,sword-smiths,17,1605,0,0,0,0,1,0,0,0,1,0,0,0
1029,peru,sword-smiths,17,1605,0,0,0,0,1,0,0,0,1,0,0,0
1030,peru,sword-smiths,17,1605,0,0,0,0,1,0,0,0,1,0,0,0
1031,peru,sword-smiths,17,1605,0,0,0,0,1,0,0,0,1,0,0,0
1032,peru,sword-smiths,17,1605,0,0,0,0,0,0,0,0,1,0,0,0
1033,peru,sword-smiths,17,1605,0,0,0,0,0,0,0,0,1,0,0,0
1034,peru,sword-smiths,17,1605,0,0,0,0,0,0,0,0,1,0,0,0
1035,peru,sword-smiths,17,1605,0,0,0,0,0,0,0,0,1,0,0,0
1036,peru,sword-smiths,17,1605,0,0,0,0,0,0,0,0,1,0,0,0
1037,peru,sword-smiths,17,1605,0,0,0,0,0,0,0,0,1,0,0,0
1038,peru,sword-smiths,17,1605,0,0,0,0,0,0,0,0,1,0,0,0
1039,peru,sword-smiths,17,1605,0,0,0,0,0,0,0,0,1,0,0,0
1040,peru,sword-smiths,17,1605,0,0,0,0,0,0,0,0,1,0,0,0
1041,peru,sword-smiths,17,1605,0,0,0,0,0,0,0,0,1,0,0,0
1042,peru,sword-smiths,17,1605,0,0,0,0,0,0,0,0,1,0,0,0
1043,peru,sword-smiths,17,1605,0,0,0,0,0,0,0,0,1,0,0,0
1044,peru,sword-smiths,17,1605,0,0,0,0,0,0,0,0,1,0,0,0
